{
  "Close Sessions On End" : true,
  "Ansi 15 Color (Dark)" : {
    "Green Component" : 0.84936714172363281,
    "Red Component" : 0.8493925929069519,
    "Blue Component" : 0.84938156604766846
  },
  "Ansi 0 Color" : {
    "Green Component" : 0.20784313725490194,
    "Red Component" : 0.20784313725490194,
    "Blue Component" : 0.20784313725490194
  },
  "Cursor Text Color" : {
    "Green Component" : 1,
    "Red Component" : 1,
    "Blue Component" : 1
  },
  "Custom Window Title" : "",
  "Smart Cursor Color" : false,
  "Prompt Before Closing 2" : false,
  "Ansi 3 Color (Dark)" : {
    "Green Component" : 0.59536725282669067,
    "Red Component" : 0.96285504102706909,
    "Blue Component" : 0.11582206189632416
  },
  "Ansi 12 Color (Dark)" : {
    "Green Component" : 0.64410710334777832,
    "Red Component" : 0.32856267690658569,
    "Blue Component" : 0.95445334911346436
  },
  "Mouse Reporting" : true,
  "Use Underline Color (Light)" : false,
  "Disable Window Resizing" : true,
  "BM Growl" : true,
  "Background Color (Dark)" : {
    "Red Component" : 0.14901960784313725,
    "Color Space" : "sRGB",
    "Blue Component" : 0.2196078431372549,
    "Alpha Component" : 1,
    "Green Component" : 0.19607843137254902
  },
  "Guid" : "D285C01D-7381-4236-98E9-636320DD387D",
  "Cursor Color (Dark)" : {
    "Green Component" : 0.6861264705657959,
    "Red Component" : 0.086931481957435636,
    "Blue Component" : 0.79186719655990601
  },
  "Selection Color (Dark)" : {
    "Green Component" : 0.87323933839797974,
    "Red Component" : 0.87326544523239136,
    "Blue Component" : 0.87325412034988403
  },
  "Only The Default BG Color Uses Transparency" : true,
  "Scrollback Lines" : 0,
  "Badge Color (Dark)" : {
    "Red Component" : 1,
    "Color Space" : "sRGB",
    "Blue Component" : 0,
    "Alpha Component" : 0.5,
    "Green Component" : 0.1491314172744751
  },
  "Ansi 0 Color (Dark)" : {
    "Red Component" : 0.14901960784313725,
    "Color Space" : "sRGB",
    "Blue Component" : 0.2196078431372549,
    "Alpha Component" : 1,
    "Green Component" : 0.19607843137254902
  },
  "Transparency" : 0.20040487272036467,
  "Bound Hosts" : [

  ],
  "Use Bright Bold" : true,
  "Horizontal Spacing" : 1,
  "Ansi 13 Color (Light)" : {
    "Green Component" : 0.30266252160072327,
    "Red Component" : 0.66606861352920532,
    "Blue Component" : 0.73656630516052246
  },
  "Blur" : true,
  "Ansi 13 Color" : {
    "Green Component" : 0.70980392156862748,
    "Red Component" : 0.93725490196078431,
    "Blue Component" : 0.96862745098039216
  },
  "Ansi 2 Color (Dark)" : {
    "Green Component" : 0.4825465977191925,
    "Red Component" : 0.27130207419395447,
    "Blue Component" : 0.13958784937858582
  },
  "Cursor Color" : {
    "Green Component" : 0.83921568627450982,
    "Red Component" : 0.83921568627450982,
    "Blue Component" : 0.83921568627450982
  },
  "Use Cursor Guide (Light)" : false,
  "Option Key Sends" : 0,
  "Idle Code" : 0,
  "Ansi 13 Color (Dark)" : {
    "Green Component" : 0.30266252160072327,
    "Red Component" : 0.66606861352920532,
    "Blue Component" : 0.73656630516052246
  },
  "Send Code When Idle" : false,
  "Selection Color" : {
    "Green Component" : 0.35686274509803922,
    "Red Component" : 0.35686274509803922,
    "Blue Component" : 0.35686274509803922
  },
  "Terminal Type" : "xterm-256color",
  "Cursor Boost (Dark)" : 0.14000000000000001,
  "Right Option Key Sends" : 0,
  "Background Color" : {
    "Green Component" : 0.19607843137254902,
    "Red Component" : 0.19607843137254902,
    "Blue Component" : 0.19607843137254902
  },
  "Ansi 10 Color (Dark)" : {
    "Green Component" : 0.73019099235534668,
    "Red Component" : 0.47961589694023132,
    "Blue Component" : 0.22740326821804047
  },
  "Ansi 10 Color" : {
    "Green Component" : 0.8784313725490196,
    "Red Component" : 0.76078431372549016,
    "Blue Component" : 0.45882352941176469
  },
  "Vertical Spacing" : 1,
  "Use Tab Color (Light)" : false,
  "Cursor Type" : 2,
  "Columns" : 100,
  "Ansi 2 Color (Light)" : {
    "Green Component" : 0.4825465977191925,
    "Red Component" : 0.27130207419395447,
    "Blue Component" : 0.13958784937858582
  },
  "Screen" : -2,
  "Cursor Text Color (Dark)" : {
    "Green Component" : 0.87323933839797974,
    "Red Component" : 0.87326544523239136,
    "Blue Component" : 0.87325412034988403
  },
  "Description" : "Default",
  "Unlimited Scrollback" : true,
  "Use Italic Font" : true,
  "Working Directory" : "\/Users\/thuymm",
  "Selected Text Color (Dark)" : {
    "Green Component" : 0.23922491073608398,
    "Red Component" : 0.23923206329345703,
    "Blue Component" : 0.23922896385192871
  },
  "Use Cursor Guide (Dark)" : false,
  "Visual Bell" : true,
  "Link Color (Light)" : {
    "Red Component" : 0,
    "Color Space" : "sRGB",
    "Blue Component" : 0.73423302173614502,
    "Alpha Component" : 1,
    "Green Component" : 0.35916060209274292
  },
  "Ansi 1 Color (Dark)" : {
    "Green Component" : 0.078879080712795258,
    "Red Component" : 0.718147873878479,
    "Blue Component" : 0.12038997560739517
  },
  "Default Bookmark" : "No",
  "Ansi 14 Color (Light)" : {
    "Green Component" : 0.73243516683578491,
    "Red Component" : 0.14981316030025482,
    "Blue Component" : 0.82006889581680298
  },
  "Ansi 7 Color (Light)" : {
    "Green Component" : 0.93607044219970703,
    "Red Component" : 0.93609845638275146,
    "Blue Component" : 0.93608629703521729
  },
  "Ansi 3 Color (Light)" : {
    "Green Component" : 0.59536725282669067,
    "Red Component" : 0.96285504102706909,
    "Blue Component" : 0.11582206189632416
  },
  "Prevent Opening in a Tab" : true,
  "Ansi 9 Color (Dark)" : {
    "Green Component" : 0.23034398257732391,
    "Red Component" : 0.90986210107803345,
    "Blue Component" : 0.24844314157962799
  },
  "Badge Color (Light)" : {
    "Red Component" : 1,
    "Color Space" : "sRGB",
    "Blue Component" : 0,
    "Alpha Component" : 0.5,
    "Green Component" : 0.1491314172744751
  },
  "Ansi 14 Color (Dark)" : {
    "Green Component" : 0.73243516683578491,
    "Red Component" : 0.14981316030025482,
    "Blue Component" : 0.82006889581680298
  },
  "Tags" : [

  ],
  "Link Color (Dark)" : {
    "Red Component" : 0,
    "Color Space" : "sRGB",
    "Blue Component" : 0.73423302173614502,
    "Alpha Component" : 1,
    "Green Component" : 0.35916060209274292
  },
  "Custom Command" : "No",
  "Jobs to Ignore" : [
    "rlogin",
    "ssh",
    "slogin",
    "telnet"
  ],
  "Use Non-ASCII Font" : false,
  "Custom Directory" : "No",
  "Use Selected Text Color (Light)" : true,
  "Bold Color (Light)" : {
    "Green Component" : 0.078879080712795258,
    "Red Component" : 0.718147873878479,
    "Blue Component" : 0.12038997560739517
  },
  "Brighten Bold Text (Dark)" : true,
  "Ansi 8 Color (Light)" : {
    "Red Component" : 0.4392156862745098,
    "Color Space" : "sRGB",
    "Blue Component" : 0.50196078431372548,
    "Alpha Component" : 1,
    "Green Component" : 0.47058823529411764
  },
  "Name" : "Material",
  "Ansi 11 Color (Dark)" : {
    "Green Component" : 0.91622048616409302,
    "Red Component" : 0.99857872724533081,
    "Blue Component" : 0.18199658393859863
  },
  "Ansi 14 Color" : {
    "Green Component" : 0.95686274509803915,
    "Red Component" : 0.86274509803921573,
    "Blue Component" : 1
  },
  "Set Local Environment Vars" : 3,
  "Faint Text Alpha (Dark)" : 0.5,
  "Blur Radius" : 19.674126080452119,
  "Rows" : 25,
  "Background Color (Light)" : {
    "Red Component" : 0.14901960784313725,
    "Color Space" : "sRGB",
    "Blue Component" : 0.2196078431372549,
    "Alpha Component" : 1,
    "Green Component" : 0.19607843137254902
  },
  "Cursor Guide Color (Light)" : {
    "Red Component" : 0.70213186740875244,
    "Color Space" : "sRGB",
    "Blue Component" : 1,
    "Alpha Component" : 0.25,
    "Green Component" : 0.9268307089805603
  },
  "Use Custom Window Title" : false,